Country,Indicator,Unit,F1995,F1996,F1997,F1998,F1999,F2000,F2001,F2002,F2003,F2004,F2005,F2006,F2007,F2008,F2009,F2010,F2011,F2012,F2013,F2014,F2015,F2016,F2017,F2018,F2019,F2020,F2021,F2022
Canada,Expenditure on biodiversity & landscape protection,Domestic Currency,,,,,,,,,,,,,,1438000000.0,1502000000.0,1518000000.0,1719000000.0,1767000000.0,1585000000.0,1708000000.0,1875000000.0,1632000000.0,1848000000.0,1696000000.0,2202000000.0,1896000000.0,1985000000.0,
Canada,Expenditure on biodiversity & landscape protection,Percent of GDP,,,,,,,,,,,,,,0.0867811961200719,0.0955875708156255,0.0911138214505224,0.0968962207091856,0.0967052885807309,0.0833225127967083,0.0856184125704673,0.0942002299992816,0.0805713058525279,0.0863292817431788,0.0758607579366411,0.0952713068956178,0.0859176604294795,0.0796188243769175,
Canada,Expenditure on environment protection,Domestic Currency,,,,,,,,,,,,,,9722000000.0,10740000000.0,11725000000.0,11871000000.0,11710000000.0,11312000000.0,11705000000.0,13708000000.0,14699000000.0,14836000000.0,15761000000.0,16424000000.0,16625000000.0,16905000000.0,
Canada,Expenditure on environment protection,Percent of GDP,,,,,,,,,,,,,,0.586708476133059,0.683495679467255,0.703761236170867,0.669141963955057,0.640870927719501,0.594665151265845,0.586746791064004,0.688691601509414,0.725684819072492,0.69306343286894,0.70497724400908,0.710597613285026,0.753365561519039,0.678063589970675,
Canada,Expenditure on environmental protection n.e.c.,Domestic Currency,,,,,,,,,,,,,,1469000000.0,1305000000.0,1153000000.0,1172000000.0,1317000000.0,1063000000.0,1240000000.0,2969000000.0,3126000000.0,3428000000.0,3646000000.0,3502000000.0,3753000000.0,3538000000.0,
Canada,Expenditure on environmental protection n.e.c.,Percent of GDP,,,,,,,,,,,,,,0.0886520007652194,0.0830504526726972,0.0692056891518131,0.0660630428569899,0.0720774561747722,0.0558812814529343,0.0621585665031495,0.149162924196196,0.154329596871938,0.160138949034425,0.163082737875586,0.151516855925728,0.170068027210884,0.141910025514123,
Canada,Expenditure on pollution abatement,Domestic Currency,,,,,,,,,,,,,,1555000000.0,2251000000.0,2995000000.0,2594000000.0,1722000000.0,1718000000.0,1651000000.0,1553000000.0,2433000000.0,1908000000.0,2477000000.0,2471000000.0,2824000000.0,3272000000.0,
Canada,Expenditure on pollution abatement,Percent of GDP,,,,,,,,,,,,,,0.0938419749420805,0.1432540758362,0.179766729409957,0.146218031715897,0.094242505340135,0.0903142441544132,0.0827611236263709,0.0780229105007383,0.120116413688235,0.0891321805010742,0.1107942791327,0.106909808964156,0.127970186209309,0.131240701945226,
Canada,Expenditure on waste management,Domestic Currency,,,,,,,,,,,,,,2645000000.0,2881000000.0,3123000000.0,3269000000.0,3743000000.0,3647000000.0,3727000000.0,3802000000.0,3869000000.0,3998000000.0,4153000000.0,4478000000.0,4443000000.0,4370000000.0,
Canada,Expenditure on waste management,Percent of GDP,,,,,,,,,,,,,,0.159621880206947,0.183347397816123,0.187449581284573,0.184266285921075,0.204848837101118,0.191720633545486,0.186826594642934,0.19101294637721,0.191011263690827,0.186766487234431,0.185760452659711,0.193744283505257,0.201335530215284,0.175281744346161,
Canada,Expenditure on waste water management,Domestic Currency,,,,,,,,,,,,,,2615000000.0,2801000000.0,2936000000.0,3117000000.0,3161000000.0,3299000000.0,3379000000.0,3509000000.0,3639000000.0,3654000000.0,3789000000.0,3771000000.0,3709000000.0,3740000000.0,
Canada,Expenditure on waste water management,Percent of GDP,,,,,,,,,,,,,,0.15781142409874,0.178256182326609,0.176225414874001,0.175698382751909,0.172996840522745,0.173426479316303,0.169382093721082,0.176292590435989,0.179656238968964,0.170696534355831,0.169479016404442,0.163155357994266,0.168074157454082,0.150012293788248,
France,Expenditure on biodiversity & landscape protection,Domestic Currency,512000000.0,561000000.0,610000000.0,616000000.0,662000000.0,780000000.0,898000000.0,888000000.0,867000000.0,981000000.0,1020000000.0,1064000000.0,1118000000.0,1165000000.0,1361000000.0,1510000000.0,1648000000.0,1791000000.0,1834000000.0,1829000000.0,1886000000.0,1712000000.0,1719000000.0,1873000000.0,1961000000.0,1971000000.0,2101000000.0,
France,Expenditure on biodiversity & landscape protection,Percent of GDP,0.042026705016035,0.0447987887557436,0.0471852454058202,0.0455656352263784,0.0472519966109897,0.0527531389808499,0.0583799245871798,0.0559254176614736,0.0531684600034587,0.0575697806186433,0.0577607515693087,0.0575710534474726,0.0575884946635348,0.0584727812967406,0.0702842665493369,0.0756782601417639,0.0800633899946997,0.0857428461454497,0.0866242928713497,0.085079066781718,0.085788416471376,0.0766294157588931,0.0748288599982065,0.0792533848769478,0.0804468265347355,0.0853356470507247,0.0840795510208002,
France,Expenditure on environment protection,Domestic Currency,7181000000.0,7518000000.0,8302000000.0,8441000000.0,8932000000.0,10292000000.0,11475000000.0,12037000000.0,13178000000.0,14270000000.0,15326000000.0,16554000000.0,16875000000.0,17795000000.0,19207000000.0,19833000000.0,20406000000.0,21009000000.0,21651000000.0,21995000000.0,22083000000.0,21113000000.0,21477000000.0,22769000000.0,24266000000.0,23973000000.0,26013000000.0,
France,Expenditure on environment protection,Percent of GDP,0.589440954531538,0.600351682470018,0.642183454687081,0.624382348938084,0.637545066056435,0.696070905629369,0.746001820309453,0.758079113053106,0.8081360621979,0.837431976990867,0.867883606422769,0.895706032678066,0.869235999505501,0.893152912596994,0.99188090199347,0.993991346616956,0.991367437033885,1.00579087362912,1.02262953378277,1.02313508685833,1.00448865373139,0.945021527405087,0.934903680152113,0.963438505212613,0.995473071235029,1.03792565537647,1.04100969095863,
France,Expenditure on environmental protection n.e.c.,Domestic Currency,1527000000.0,1574000000.0,1641000000.0,1446000000.0,1572000000.0,1561000000.0,1987000000.0,1789000000.0,2003000000.0,1955000000.0,1842000000.0,2080000000.0,1760000000.0,1672000000.0,1759000000.0,1728000000.0,1590000000.0,1648000000.0,1937000000.0,1881000000.0,1923000000.0,1797000000.0,1781000000.0,1873000000.0,1857000000.0,1799000000.0,1847000000.0,
France,Expenditure on environmental protection n.e.c.,Percent of GDP,0.125341364373995,0.125692145279038,0.126936045427788,0.1069608904827,0.112205647541504,0.105573910191163,0.129176960083214,0.112669563284208,0.122833247274427,0.114728767695665,0.104309121951634,0.112544916513856,0.090658095355833,0.0839197341872534,0.0908376376636911,0.0866039957118994,0.0772456250555658,0.0788968232538812,0.0914892340740482,0.087497935820892,0.0874714341858197,0.0804340304431839,0.0775277484914519,0.0792533848769478,0.0761803961626741,0.0778888021533505,0.0739147695075764,
France,Expenditure on environmental protection R&D,Domestic Currency,55000000.0,102000000.0,99000000.0,96000000.0,95000000.0,198000000.0,264000000.0,237000000.0,199000000.0,225000000.0,380000000.0,472000000.0,473000000.0,413000000.0,312000000.0,341000000.0,373000000.0,357000000.0,373000000.0,699000000.0,773000000.0,798000000.0,809000000.0,844000000.0,880000000.0,761000000.0,831000000.0,
France,Expenditure on environmental protection R&D,Percent of GDP,0.0045145874528943,0.0081452343192261,0.0076579332707806,0.0071011379573576,0.0067808756465921,0.0133911814336004,0.0171629176960083,0.0149260405245149,0.0122036026997558,0.0132040781235421,0.0215187113689581,0.0255390387473751,0.0243643631268801,0.0207289774039089,0.0161121904213028,0.0170902560982394,0.018121143487878,0.0170911200859439,0.0176176996952091,0.0325151818919742,0.0351614241422978,0.0357186178595775,0.0352161417908953,0.0357126838420416,0.0361005646866738,0.0329479591098942,0.0332556434546811,
France,Expenditure on pollution abatement,Domestic Currency,362000000.0,382000000.0,362000000.0,365000000.0,357000000.0,491000000.0,720000000.0,697000000.0,663000000.0,756000000.0,811000000.0,1053000000.0,1106000000.0,1405000000.0,1786000000.0,1873000000.0,1591000000.0,1692000000.0,1849000000.0,1695000000.0,1742000000.0,1611000000.0,1580000000.0,1818000000.0,2466000000.0,2597000000.0,3039000000.0,
France,Expenditure on pollution abatement,Percent of GDP,0.0297141937808685,0.030504701077886,0.028001735798208,0.0269991182753703,0.0254818169035096,0.0332074246661504,0.04680795735275,0.0438964145383413,0.040658234120292,0.0443657024951013,0.0459254603163817,0.0569758639851397,0.0569703712861087,0.070518676156155,0.0922319618347654,0.0938711134076317,0.0772942072096888,0.0810032918359023,0.087332779454267,0.0788458273346156,0.0792382934746219,0.0721086383105004,0.0687781261181887,0.0769261365223124,0.101163627860611,0.112438698828378,0.121617208734989,
France,Expenditure on waste management,Domestic Currency,2960000000.0,3194000000.0,3716000000.0,3948000000.0,4021000000.0,4668000000.0,4799000000.0,5551000000.0,6362000000.0,6912000000.0,7322000000.0,7770000000.0,8014000000.0,8408000000.0,8978000000.0,9550000000.0,10263000000.0,10604000000.0,10878000000.0,11290000000.0,11289000000.0,10925000000.0,11158000000.0,11668000000.0,12072000000.0,12094000000.0,13134000000.0,
France,Expenditure on waste management,Percent of GDP,0.242966888373952,0.25505763152557,0.287443232668898,0.292034298496334,0.287009483946812,0.315707247131548,0.311988037966454,0.349596839458153,0.390147338572093,0.405629279955212,0.414631591167135,0.42042019293878,0.412803395557753,0.42200784990815,0.463638607700181,0.478627406856851,0.498598647764322,0.507658928267085,0.513794469931593,0.52517368177452,0.513502350766364,0.489004887363263,0.485712867865031,0.493715160034291,0.495234110110825,0.523617105749094,0.525607245648353,
France,Expenditure on waste water management,Domestic Currency,1765000000.0,1704000000.0,1874000000.0,1971000000.0,2227000000.0,2592000000.0,2807000000.0,2875000000.0,3082000000.0,3439000000.0,3951000000.0,4113000000.0,4405000000.0,4732000000.0,5011000000.0,4831000000.0,4939000000.0,4916000000.0,4780000000.0,4601000000.0,4470000000.0,4269000000.0,4430000000.0,4691000000.0,5030000000.0,4751000000.0,5061000000.0,
France,Expenditure on waste water management,Percent of GDP,0.144877215533793,0.13607332627413,0.144959262115585,0.145795238687,0.158958000683798,0.175302738767132,0.182486022623846,0.181064837586415,0.18900253025451,0.201816998519383,0.223737970049351,0.222546750779563,0.226902789796843,0.237504893644787,0.258776237824193,0.242120314400571,0.239947259213484,0.235349989754903,0.225771057756299,0.214023393254612,0.203326734690907,0.191081177496913,0.192839935888339,0.198493127847177,0.20634754587951,0.205697442485029,0.202535272592227,
Germany,Expenditure on biodiversity & landscape protection,Domestic Currency,,,,,,1138000000.0,1076000000.0,1084000000.0,1037000000.0,940000000.0,922000000.0,1008000000.0,981000000.0,1004000000.0,1073000000.0,1082000000.0,1209000000.0,1236000000.0,1291000000.0,1412000000.0,1446000000.0,1492000000.0,1613000000.0,1605000000.0,1740000000.0,1966000000.0,2033000000.0,
Germany,Expenditure on biodiversity & landscape protection,Percent of GDP,,,,,,0.0539569198090172,0.0495272814309518,0.0493148690699325,0.0468897660937705,0.0415465940632569,0.0402917436885737,0.0422627333255069,0.0392470644716049,0.0394268188761786,0.0438723816610991,0.0421931055997504,0.0448848364246573,0.0450222379257716,0.0459209988084017,0.0482334334211236,0.047783013568261,0.0475956538660304,0.0493700951284908,0.0476905020131038,0.0500970270005701,0.0577313290832582,0.0564447837856598,
Germany,Expenditure on environment protection,Domestic Currency,17191000000.0,16107000000.0,14931000000.0,14060000000.0,13677000000.0,15051000000.0,14978000000.0,13601000000.0,13536000000.0,12954000000.0,12793000000.0,13380000000.0,12787000000.0,12952000000.0,14274000000.0,14387000000.0,15745000000.0,15741000000.0,16354000000.0,16671000000.0,16796000000.0,17428000000.0,17905000000.0,19390000000.0,20656000000.0,23107000000.0,20740000000.0,
Germany,Expenditure on environment protection,Percent of GDP,0.907363520724582,0.838303719201824,0.761339010274584,0.697967653220282,0.66409967564628,0.713625307597115,0.689423439844606,0.618756027878369,0.612053880275099,0.572547424995138,0.559058868772151,0.560987472118336,0.511572082974936,0.50862167139867,0.583629427614659,0.561027920761192,0.584542389996881,0.573377869894475,0.58171341170612,0.569475615129995,0.555023164517643,0.555963173979341,0.548029481262013,0.576148806251764,0.594715051565388,0.67853398836564,0.575831193169987,
Germany,Expenditure on environmental protection n.e.c.,Domestic Currency,,,,,,981000000.0,1234000000.0,1236000000.0,1258000000.0,1253000000.0,1204000000.0,1186000000.0,1073000000.0,1127000000.0,1185000000.0,1169000000.0,1199000000.0,1148000000.0,1205000000.0,1253000000.0,1242000000.0,1261000000.0,1271000000.0,1359000000.0,1433000000.0,1557000000.0,1638000000.0,
Germany,Expenditure on environmental protection n.e.c.,Percent of GDP,,,,,,0.0465129510831686,0.0567998748009243,0.0562298691609193,0.056882667064574,0.055380725916235,0.0526152488080723,0.0497257953611619,0.0429277269908584,0.0442569968859096,0.0484517914896575,0.0455857120574013,0.0445135805402516,0.0418167711478849,0.0428619702278265,0.0428020482129376,0.0410418415295852,0.0402266216655927,0.0389022882258598,0.0403809297419364,0.0412580687884005,0.0457210983634959,0.045477892691053,
Germany,Expenditure on environmental protection R&D,Domestic Currency,,,,,,607000000.0,595000000.0,619000000.0,628000000.0,616000000.0,627000000.0,668000000.0,648000000.0,682000000.0,820000000.0,888000000.0,940000000.0,940000000.0,1007000000.0,966000000.0,1045000000.0,1209000000.0,1333000000.0,1422000000.0,1468000000.0,1700000000.0,1700000000.0,
Germany,Expenditure on environmental protection R&D,Percent of GDP,,,,,,0.0287801848190452,0.0273872978173014,0.0281604280021109,0.0283961167858128,0.0272262786627301,0.0274001337231407,0.0280074462911097,0.0259246664399592,0.0267819626230615,0.0335278219590879,0.0346279831539541,0.0348980531341422,0.0342402133092438,0.0358190904725488,0.0329982271138849,0.0345319842177266,0.0385677919061868,0.0407999608222432,0.0422528933723573,0.0422657676073775,0.0499202743853199,0.0471992781286874,
Germany,Expenditure on pollution abatement,Domestic Currency,,,,,,1770000000.0,2180000000.0,2070000000.0,2035000000.0,1978000000.0,1820000000.0,2213000000.0,1862000000.0,1957000000.0,2969000000.0,2895000000.0,3783000000.0,3519000000.0,3532000000.0,3698000000.0,3741000000.0,4052000000.0,4901000000.0,5493000000.0,5913000000.0,7194000000.0,4295000000.0,
Germany,Expenditure on pollution abatement,Percent of GDP,,,,,,0.0839224499665733,0.100343376876835,0.0941713828180445,0.0920160790750462,0.0874246415501299,0.079534678430807,0.0927851476680027,0.0744934088135864,0.076850881016615,0.121395248044551,0.112891904539073,0.140446101070702,0.128182245356626,0.125633592402227,0.126322405659572,0.123621199003364,0.129261118944474,0.150007957981856,0.16321740034765,0.170243517617454,0.21125085525176,0.119247587978066,
Germany,Expenditure on waste management,Domestic Currency,,,,,,5202000000.0,4919000000.0,4135000000.0,4270000000.0,4138000000.0,4306000000.0,4377000000.0,4233000000.0,4205000000.0,4365000000.0,4644000000.0,4806000000.0,4992000000.0,5189000000.0,5074000000.0,5130000000.0,5215000000.0,5330000000.0,5481000000.0,5769000000.0,5995000000.0,6095000000.0,
Germany,Expenditure on waste management,Percent of GDP,,,,,,0.246646658037353,0.226417004980346,0.188115298527833,0.193075507444937,0.182893410886976,0.188173805122558,0.18351585691046,0.169350483086956,0.165129256348935,0.17847432055051,0.181094992980814,0.178425578045412,0.181837388127388,0.18457324772796,0.173326091486389,0.169520649796113,0.166361484525032,0.163138628043928,0.162860835846618,0.166097556762235,0.176042379376466,0.169223294231971,
Germany,Expenditure on waste water management,Domestic Currency,,,,,,5353000000.0,4974000000.0,4457000000.0,4308000000.0,4029000000.0,3914000000.0,3928000000.0,3990000000.0,3977000000.0,3862000000.0,3709000000.0,3808000000.0,3906000000.0,4130000000.0,4268000000.0,4192000000.0,4199000000.0,3457000000.0,4030000000.0,4333000000.0,4695000000.0,4979000000.0,
Germany,Expenditure on waste water management,Percent of GDP,,,,,,0.253806143881959,0.228948603938247,0.202764180299529,0.194793743810958,0.178075773915811,0.171043258998999,0.164690492562094,0.159628733171971,0.15617575564797,0.157907863909753,0.144634222430198,0.141374240781716,0.14227901402756,0.146904512067156,0.145793409236088,0.138524476402593,0.133950503072025,0.105810551059636,0.119746244930098,0.124753113789351,0.137868051905339,0.13823835635455,
Italy,Expenditure on biodiversity & landscape protection,Domestic Currency,,,,,,,2138000000.0,2218000000.0,2346000000.0,2385000000.0,2592000000.0,2547000000.0,2677000000.0,2707000000.0,2683000000.0,2679000000.0,2488000000.0,2338000000.0,2247000000.0,2201000000.0,2290000000.0,2121000000.0,1978000000.0,1967000000.0,2327000000.0,2208000000.0,2260000000.0,
Italy,Expenditure on biodiversity & landscape protection,Percent of GDP,,,,,,,0.163939705767334,0.164264781793715,0.168209061062184,0.164220119684449,0.173536256490872,0.164038212466518,0.165774937455104,0.165292889596928,0.170105550398921,0.166265432615953,0.150901649486037,0.143933699385419,0.139327236087428,0.135245989781278,0.138338906156081,0.125074744100966,0.113901184675972,0.11104267776002,0.129520052231034,0.133256083429896,0.12729274797444,
Italy,Expenditure on environment protection,Domestic Currency,5880000000.0,6376000000.0,7138000000.0,8049000000.0,8613000000.0,9512000000.0,9666000000.0,10523000000.0,10659000000.0,10945000000.0,11220000000.0,10731000000.0,12027000000.0,12803000000.0,13210000000.0,13463000000.0,14035000000.0,13962000000.0,14897000000.0,14643000000.0,14936000000.0,15329000000.0,15133000000.0,15289000000.0,16126000000.0,16269000000.0,16968000000.0,
Italy,Expenditure on environment protection,Percent of GDP,0.594995360452844,0.609634831030948,0.653448777781643,0.706761252729711,0.732928335045173,0.766161933060709,0.741179231032299,0.77933196520075,0.764254212217312,0.753622310250021,0.751187036198913,0.691124482912525,0.744779668573976,0.78176758977077,0.837530496000649,0.835547412955795,0.851247849894102,0.859539055098042,0.923701751666408,0.899776023792479,0.902283800151629,0.903946606470392,0.87141892199266,0.863107015898805,0.897567839397362,0.981858342989571,0.955709445854115,
Italy,Expenditure on environmental protection n.e.c.,Domestic Currency,,,,,,,326000000.0,383000000.0,428000000.0,407000000.0,457000000.0,458000000.0,512000000.0,485000000.0,568000000.0,523000000.0,535000000.0,502000000.0,499000000.0,487000000.0,511000000.0,496000000.0,501000000.0,298000000.0,296000000.0,288000000.0,513000000.0,
Italy,Expenditure on environmental protection n.e.c.,Percent of GDP,,,,,,,0.0249973545744392,0.0283649285063088,0.0306877570906285,0.0280241462103023,0.0305964773211144,0.0294972521828289,0.0317059275222313,0.0296147216307759,0.0360119092905654,0.0324586865465261,0.0324487067825682,0.0309044983282636,0.030940939389242,0.0299249418552849,0.0308695113736933,0.0292489736322862,0.028849592276371,0.0168229374542379,0.0164752623379399,0.0173812282734647,0.0288943273057025,
Italy,Expenditure on environmental protection R&D,Domestic Currency,,,,,,,1192000000.0,1283000000.0,1321000000.0,1369000000.0,1391000000.0,1439000000.0,1579000000.0,1628000000.0,1549000000.0,1597000000.0,1515000000.0,1567000000.0,1475000000.0,1434000000.0,1349000000.0,1215000000.0,1130000000.0,1177000000.0,1387000000.0,1233000000.0,1296000000.0,
Italy,Expenditure on environmental protection R&D,Percent of GDP,,,,,,,0.0914013701004035,0.0950188075028569,0.0947161848521503,0.094263037252835,0.0931284462881184,0.0926780477971413,0.0977805850734438,0.0994077666286662,0.0982085343152919,0.0991138095885318,0.0918874593936277,0.0964688224708947,0.0914586885754147,0.088115742547184,0.0814930936264427,0.0716481914581203,0.065069938667264,0.066444957663215,0.077199962374063,0.0744133835457706,0.072996195298617,
Italy,Expenditure on pollution abatement,Domestic Currency,,,,,,,986000000.0,1088000000.0,1087000000.0,1206000000.0,1255000000.0,1193000000.0,1296000000.0,1351000000.0,1384000000.0,1111000000.0,1102000000.0,1097000000.0,992000000.0,765000000.0,861000000.0,703000000.0,595000000.0,1034000000.0,1069000000.0,1242000000.0,1190000000.0,
Italy,Expenditure on pollution abatement,Percent of GDP,,,,,,,0.0756054957374143,0.0805771337202714,0.0779382989661524,0.0830396076894952,0.0840231488796467,0.0768345455330018,0.080255629040648,0.0824937915941818,0.0877473282713776,0.0689514354745516,0.0668382707932526,0.0675343320041936,0.0615098434351263,0.0470073521956735,0.052013012314579,0.0414557025473733,0.0342624898292231,0.0583722057975907,0.0595001872947898,0.0749565469293163,0.0670258274732671,
Italy,Expenditure on waste management,Domestic Currency,,,,,,,4822000000.0,5307000000.0,5199000000.0,5311000000.0,5253000000.0,4824000000.0,5740000000.0,6380000000.0,6770000000.0,7335000000.0,8219000000.0,8284000000.0,9622000000.0,9641000000.0,9772000000.0,10351000000.0,10459000000.0,10286000000.0,10527000000.0,10679000000.0,11073000000.0,
Italy,Expenditure on waste management,Percent of GDP,,,,,,,0.369746146496766,0.393035706482978,0.372770208210696,0.365691008655812,0.351692112402218,0.310687215130931,0.355453171831265,0.389570977328557,0.429226454044239,0.455228424127665,0.498497048683977,0.509985785162024,0.596620678964502,0.592415532703906,0.590326546269531,0.610395415459262,0.60227122877957,0.580673606222455,0.585929346728018,0.644493530320587,0.623678140849989,
Italy,Expenditure on waste water management,Domestic Currency,,,,,,,202000000.0,244000000.0,278000000.0,267000000.0,272000000.0,270000000.0,223000000.0,252000000.0,256000000.0,218000000.0,176000000.0,174000000.0,62000000.0,115000000.0,153000000.0,443000000.0,470000000.0,527000000.0,520000000.0,619000000.0,636000000.0,
Italy,Expenditure on waste water management,Percent of GDP,,,,,,,0.0154891583559409,0.0180706071946197,0.0199327020355017,0.018384390757127,0.0182105948169434,0.0173892098021044,0.0138094176512843,0.0153874429916609,0.0162307196802548,0.0135296246025673,0.0106747147546393,0.0107119177472468,0.0038443652146954,0.0070664647091535,0.0092427304113015,0.0261235792723846,0.0270644877642602,0.0297506310012866,0.0289430284315161,0.0373575704905369,0.0358222069520991,
Japan,Expenditure on biodiversity & landscape protection,Domestic Currency,,,,,,,,,,,105900000000.0,92100000000.0,80700000000.0,88000000000.0,272800000000.0,95000000000.0,107800000000.0,98700000000.0,97900000000.0,104800000000.0,102700000000.0,114000000000.0,109600000000.0,109900000000.0,113700000000.0,82400000000.0,80400000000.0,
Japan,Expenditure on biodiversity & landscape protection,Percent of GDP,,,,,,,,,,,0.0198867450806596,0.0172094784051877,0.014964352575723,0.0166722303920361,0.0551179702362961,0.0187921364206242,0.0216705675698549,0.0197212726794636,0.0192451119577999,0.0202000304156947,0.019088073336861,0.0209418466961298,0.0198165522453636,0.0197437941787606,0.0203703826460823,0.0153373919100097,0.0148512272766063,
Japan,Expenditure on environment protection,Domestic Currency,,,,,,,,,,,6824200000000.0,6288200000000.0,6017200000000.0,5869000000000.0,6801500000000.0,5774000000000.0,5925100000000.0,5425800000000.0,5610800000000.0,6012900000000.0,6092500000000.0,6299800000000.0,6265600000000.0,6191800000000.0,6233400000000.0,6778000000000.0,6297100000000.0,
Japan,Expenditure on environment protection,Percent of GDP,,,,,,,,,,,1.28150260414955,1.17499068520631,1.11578069787658,1.11192409285068,1.37421141701674,1.14216627044931,1.19109721621658,1.08413050966802,1.10296704977348,1.15897674510048,1.13236696012488,1.15727584049367,1.13287034442108,1.11237147221155,1.11676994886622,1.26161216463648,1.16317989158604,
Japan,Expenditure on environmental protection n.e.c.,Domestic Currency,,,,,,,,,,,229000000000.0,189500000000.0,185700000000.0,192100000000.0,273600000000.0,292800000000.0,329800000000.0,220900000000.0,231500000000.0,250100000000.0,244200000000.0,343900000000.0,377900000000.0,439700000000.0,478600000000.0,298400000000.0,330300000000.0,
Japan,Expenditure on environmental protection n.e.c.,Percent of GDP,,,,,,,,,,,0.0430034430922668,0.0354092959585567,0.0344346997932064,0.0363947211171607,0.0552796065126488,0.057919342567987,0.0662982670179791,0.0441380864730852,0.0455081043741643,0.0482063702954698,0.0453876096286413,0.0631745708666581,0.068327327495647,0.0789931419508737,0.085745515694063,0.0555422056546954,0.0610119448938193,
Japan,Expenditure on environmental protection R&D,Domestic Currency,,,,,,,,,,,28900000000.0,22300000000.0,24000000000.0,20200000000.0,18800000000.0,14400000000.0,11900000000.0,78300000000.0,37400000000.0,25700000000.0,23100000000.0,17600000000.0,11900000000.0,10600000000.0,8500000000.0,12600000000.0,7999999999.99999,
Japan,Expenditure on environmental protection R&D,Percent of GDP,,,,,,,,,,,0.0054270720758362,0.0041668986800834,0.0044503650782819,0.0038270347036264,0.0037984524942902,0.0028484922574419,0.002392205510958,0.0156451433718541,0.0073520652423055,0.004953633413009,0.004293422532439,0.003233127209227,0.0021516147054728,0.0019043149981334,0.001522851824905,0.0023452808017733,0.0014777340573737,
Japan,Expenditure on pollution abatement,Domestic Currency,,,,,,,,,,,477000000000.0,296800000000.0,280300000000.0,253100000000.0,1061900000000.0,565200000000.0,744000000000.0,296500000000.0,273700000000.0,262900000000.0,376400000000.0,310600000000.0,317700000000.0,315100000000.0,303900000000.0,249800000000.0,242000000000.0,
Japan,Expenditure on pollution abatement,Percent of GDP,,,,,,,,,,,0.089574857445464,0.0554589922981511,0.0519765554767676,0.0479516080934585,0.214551952323764,0.111803321104598,0.149563100853173,0.0592437421424615,0.0538037501823273,0.0506735495828829,0.0699586251606084,0.0570573472264728,0.0574426883973725,0.0566084581048904,0.0544464317163095,0.0464961225621411,0.0447014552355563,
Japan,Expenditure on waste management,Domestic Currency,,,,,,,,,,,2175600000000.0,2075800000000.0,2010900000000.0,1964100000000.0,1968100000000.0,1902100000000.0,1923500000000.0,1920100000000.0,2147600000000.0,2447400000000.0,2487700000000.0,2672700000000.0,2485400000000.0,2378400000000.0,2381400000000.0,3049900000000.0,2530200000000.0,
Japan,Expenditure on waste management,Percent of GDP,,,,,,,,,,,0.408551488172645,0.387876604489562,0.372884963996546,0.372112814920434,0.397645444362369,0.376258133533361,0.386672882380482,0.383655680565735,0.422173671507366,0.471732389688655,0.462370010127645,0.490976084778474,0.449380099914478,0.427285169015142,0.426649333626915,0.567688247407022,0.467370338995887,
Japan,Expenditure on waste water management,Domestic Currency,,,,,,,,,,,3807700000000.0,3611700000000.0,3435400000000.0,3351500000000.0,3206300000000.0,2904300000000.0,2808200000000.0,2811200000000.0,2822600000000.0,2922300000000.0,2858400000000.0,2840700000000.0,2962800000000.0,2938000000000.0,2947300000000.0,3084700000000.0,3106100000000.0,
Japan,Expenditure on waste water management,Percent of GDP,,,,,,,,,,,0.715040219486569,0.674869415374772,0.637032674580405,0.634965683623967,0.647817991087376,0.57450528217283,0.564520295451452,0.561706603409402,0.554864688581063,0.563268596219318,0.53126921933869,0.521837753593823,0.535697819275213,0.527818628727921,0.528035433357944,0.574165689621444,0.573748719451081,
United Kingdom,Expenditure on biodiversity & landscape protection,Domestic Currency,95000000.0,95000000.0,95000000.0,107000000.0,184000000.0,223000000.0,280000000.0,342000000.0,327000000.0,329000000.0,406000000.0,432000000.0,624000000.0,525000000.0,474000000.0,568000000.0,511000000.0,438000000.0,514000000.0,505000000.0,562000000.0,578000000.0,557000000.0,471000000.0,428000000.0,386000000.0,488000000.0,
United Kingdom,Expenditure on biodiversity & landscape protection,Percent of GDP,0.0111341868761925,0.0104259150935424,0.0099728633140349,0.0107180277226295,0.0176588577406259,0.0203004096495221,0.0245178949986121,0.0287313834077101,0.0259529988809257,0.02487157874047,0.0290071274656058,0.0292539828078677,0.0401940134108872,0.0328381137287084,0.030440813810111,0.0352314701385378,0.030607801455398,0.0254450708889218,0.02866456050927,0.0269166521867515,0.029040745923444,0.0286615644453789,0.0265599436948267,0.0216613471426338,0.0189776626702724,0.0179503074106403,0.0210612268855193,
United Kingdom,Expenditure on environment protection,Domestic Currency,4148000000.0,3982000000.0,4157000000.0,4628000000.0,5611000000.0,6417000000.0,7072000000.0,7944000000.0,8862000000.0,9157000000.0,19267000000.0,12552000000.0,14055000000.0,13582000000.0,15148000000.0,15458000000.0,14585000000.0,14096000000.0,13804000000.0,14961000000.0,14882000000.0,14910000000.0,14936000000.0,14419000000.0,14479000000.0,15225000000.0,16572000000.0,
United Kingdom,Expenditure on environment protection,Percent of GDP,0.486153759604701,0.43701046213143,0.436391503120456,0.463579741124572,0.538499189036153,0.584160218479745,0.619251976536375,0.667374590031722,0.703350079763804,0.692246342025786,1.37655252433455,0.849990722695267,0.905331503990415,0.8495376393587,0.972821619399918,0.958817016551968,0.873610145258277,0.818889769977721,0.769816329318994,0.797425808645522,0.76901135379483,0.739349352734601,0.712207035953199,0.663131559341054,0.642003686455314,0.708014068204658,0.715218549071364,
United Kingdom,Expenditure on environmental protection n.e.c.,Domestic Currency,171000000.0,171000000.0,163000000.0,350000000.0,492000000.0,780000000.0,697000000.0,1086000000.0,1480000000.0,1087000000.0,1570000000.0,1461000000.0,1669000000.0,1583000000.0,2142000000.0,2040000000.0,1843000000.0,1851000000.0,1541000000.0,1763000000.0,1668000000.0,1855000000.0,1781000000.0,1773000000.0,1753000000.0,1901000000.0,2000000000.0,
United Kingdom,Expenditure on environmental protection n.e.c.,Percent of GDP,0.0200415363771466,0.0187666471683763,0.0171113338967126,0.0350589691861711,0.0472182500455867,0.0710059171597633,0.0610320457644023,0.0912347438034303,0.117463114201132,0.0821744865984525,0.112170419017244,0.0989353446349414,0.107506103177517,0.0990147314905626,0.137561652281134,0.126535561765171,0.110391737930134,0.107531566701813,0.08593791390036,0.0939684312975106,0.0861921071179798,0.0919847786266053,0.084925062334805,0.0815404851037997,0.0777286043481018,0.0884029388280495,0.0863165036291774,
United Kingdom,Expenditure on environmental protection R&D,Domestic Currency,112000000.0,107000000.0,105000000.0,115000000.0,206000000.0,235000000.0,291000000.0,365000000.0,397000000.0,456000000.0,521000000.0,536000000.0,641000000.0,503000000.0,542000000.0,782000000.0,583000000.0,671000000.0,618000000.0,599000000.0,787000000.0,669000000.0,838000000.0,444000000.0,395000000.0,577000000.0,655000000.0,
United Kingdom,Expenditure on environmental protection R&D,Percent of GDP,0.0131266203171954,0.0117428727895688,0.0110226383997229,0.0115193755897419,0.019770242905266,0.0213928083750569,0.0254810980164147,0.0306636109468251,0.031508686714763,0.034472461719314,0.0372234320433021,0.0362966082986507,0.0412890426224017,0.0314620403915054,0.0348078503904644,0.0485052986766489,0.0349204466702486,0.0389809191015218,0.0344643937640639,0.0319268805145824,0.0406673790778478,0.0331740252836652,0.0399591253433838,0.0204196138669414,0.0175144316699944,0.026832454341812,0.0282686549385556,
United Kingdom,Expenditure on pollution abatement,Domestic Currency,93000000.0,93000000.0,89000000.0,107000000.0,181000000.0,244000000.0,401000000.0,256000000.0,213000000.0,221000000.0,281000000.0,175000000.0,178000000.0,207000000.0,281000000.0,503000000.0,258000000.0,163000000.0,169000000.0,492000000.0,460000000.0,122000000.0,57000000.0,59000000.0,133000000.0,132000000.0,615000000.0,
United Kingdom,Expenditure on pollution abatement,Percent of GDP,0.0108997829419569,0.0102064221442047,0.0093429982626222,0.0107180277226295,0.0173709415818114,0.022212107419208,0.0351131281944409,0.0215065326092801,0.0169051644086764,0.016707048333264,0.0200763616202838,0.0118505717392983,0.0114655999793877,0.0129475991273193,0.0180461364570489,0.031199699788177,0.0154536453532146,0.0094692843719046,0.0094247290390401,0.0262237482690727,0.0237700055601143,0.006049672772208,0.0027179834660774,0.0027134171579944,0.0058972643344538,0.006138447093794,0.0265423248659721,
United Kingdom,Expenditure on waste management,Domestic Currency,3677000000.0,3516000000.0,3705000000.0,3949000000.0,4548000000.0,4935000000.0,5397000000.0,5881000000.0,6429000000.0,7038000000.0,16438000000.0,9908000000.0,10930000000.0,10748000000.0,11683000000.0,11550000000.0,11379000000.0,10959000000.0,10962000000.0,11602000000.0,11405000000.0,11686000000.0,11703000000.0,11672000000.0,11770000000.0,12229000000.0,12814000000.0,
United Kingdom,Expenditure on waste management,Percent of GDP,0.43095163309221,0.385868604935738,0.388941669247364,0.3955653409034,0.436480896762863,0.449248975876195,0.472582426098248,0.494062180762407,0.51025024405343,0.532055231536255,1.17443143172322,0.670945513102669,0.704039369520828,0.672274374011729,0.750295417180436,0.716414577641042,0.681577637497013,0.63664961614542,0.61132473210626,0.618390096377605,0.589341116115444,0.579479311606743,0.558044921114106,0.536796696069684,0.521885723432492,0.568689920530362,0.55302983875214,
United Kingdom,Expenditure on waste water management,Domestic Currency,0.0,0.0,0.0,0.0,0.0,0.0,6000000.0,14000000.0,16000000.0,26000000.0,51000000.0,40000000.0,13000000.0,16000000.0,26000000.0,15000000.0,11000000.0,14000000.0,0.0,0.0,0.0,0.0,0.0,0.0,0.0,0.0,0.0,
United Kingdom,Expenditure on waste water management,Percent of GDP,0.0,0.0,0.0,0.0,0.0,0.0,0.0005253834642559,0.00117613850207,0.0012698715048771,0.001965535098031,0.0036437524648913,0.0027087021118396,0.0008373752793934,0.0010007806088749,0.0016697492807233,0.0009304085423909,0.0006588763522688,0.000813312768139,0.0,0.0,0.0,0.0,0.0,0.0,0.0,0.0,0.0,
